ID,Name,Author,Quantity,Date Added
1000,Book1,Author1,9,2020-06-05
1001,Book2,Author2,2,2022-12-07
1002,Book3,Author3,8,2022-12-01
1003,Book4,Author4,1,2021-06-17
1004,Book5,Author5,4,2022-10-14
1005,Book6,Author6,3,2021-10-27
1006,Book7,Author7,3,2020-04-14
1007,Book8,Author8,6,2020-08-28
1008,Book9,Author9,8,2021-05-10
1009,Book10,Author10,2,2021-08-11
1010,Book11,Author11,2,2020-11-27
1011,Book12,Author12,8,2020-07-04
1012,Book13,Author13,9,2020-02-20
1013,Book14,Author14,8,2021-07-26
1014,Book15,Author15,7,2020-09-02
1015,Book16,Author16,2,2022-08-05
1016,Book17,Author17,6,2022-03-22
1017,Book18,Author18,6,2022-03-12
1018,Book19,Author19,8,2021-01-20
1019,Book20,Author20,2,2020-09-26
1020,Book21,Author21,6,2020-01-04
1021,Book22,Author22,9,2022-07-02
1022,Book23,Author23,7,2021-09-28
1023,Book24,Author24,7,2021-09-15
1024,Book25,Author25,3,2020-05-11
1025,Book26,Author26,2,2020-02-20
1026,Book27,Author27,7,2020-06-04
1027,Book28,Author28,6,2022-09-19
1028,Book29,Author29,8,2021-03-07
1029,Book30,Author30,5,2021-05-27
1030,Book31,Author31,3,2022-08-03
1031,Book32,Author32,8,2021-03-16
1032,Book33,Author33,9,2022-09-02
1033,Book34,Author34,8,2020-02-01
1034,Book35,Author35,7,2020-07-07
1035,Book36,Author36,1,2020-04-15
1036,Book37,Author37,4,2020-07-09
1037,Book38,Author38,10,2022-02-17
1038,Book39,Author39,10,2022-02-13
1039,Book40,Author40,9,2022-02-21
1040,Book41,Author41,4,2022-04-05
1041,Book42,Author42,2,2021-10-13
1042,Book43,Author43,5,2022-07-04
1043,Book44,Author44,10,2022-11-09
1044,Book45,Author45,7,2021-01-25
1045,Book46,Author46,3,2020-12-16
1046,Book47,Author47,5,2021-07-20
1047,Book48,Author48,1,2022-11-18
1048,Book49,Author49,10,2022-09-03
1049,Book50,Author50,1,2020-04-09
1050,Book51,Author51,2,2022-10-18
1051,Book52,Author52,6,2020-03-11
1052,Book53,Author53,1,2021-09-20
1053,Book54,Author54,9,2021-03-06
1054,Book55,Author55,1,2022-09-12
1055,Book56,Author56,8,2022-06-07
1056,Book57,Author57,2,2022-11-16
1057,Book58,Author58,5,2020-06-15
1058,Book59,Author59,7,2020-08-04
1059,Book60,Author60,8,2021-02-23
1060,Book61,Author61,2,2021-02-08
1061,Book62,Author62,7,2022-05-18
1062,Book63,Author63,7,2021-10-10
1063,Book64,Author64,4,2022-02-15
1064,Book65,Author65,7,2020-09-21
1065,Book66,Author66,2,2022-05-15
1066,Book67,Author67,7,2021-05-28
1067,Book68,Author68,2,2022-10-03
1068,Book69,Author69,9,2021-01-22
1069,Book70,Author70,2,2020-05-25
1070,Book71,Author71,9,2022-11-04
1071,Book72,Author72,4,2021-07-18
1072,Book73,Author73,6,2022-06-27
1073,Book74,Author74,7,2022-06-15
1074,Book75,Author75,4,2021-10-28
1075,Book76,Author76,8,2021-10-02
1076,Book77,Author77,6,2021-12-23
1077,Book78,Author78,9,2021-09-06
1078,Book79,Author79,5,2022-10-11
1079,Book80,Author80,5,2022-10-13
1080,Book81,Author81,7,2022-09-27
1081,Book82,Author82,2,2021-10-26
1082,Book83,Author83,8,2022-11-08
1083,Book84,Author84,4,2020-12-05
1084,Book85,Author85,4,2020-11-04
1085,Book86,Author86,10,2022-06-10
1086,Book87,Author87,6,2022-02-11
1087,Book88,Author88,4,2022-05-11
1088,Book89,Author89,4,2022-09-08
1089,Book90,Author90,1,2022-08-09
1090,Book91,Author91,10,2020-09-15
1091,Book92,Author92,3,2020-10-01
1092,Book93,Author93,9,2022-02-08
1093,Book94,Author94,10,2021-12-14
1094,Book95,Author95,4,2022-09-20
1095,Book96,Author96,8,2021-12-09
1096,Book97,Author97,8,2020-03-22
1097,Book98,Author98,2,2020-08-22
1098,Book99,Author99,1,2021-06-06
1099,Book100,Author100,8,2020-05-08
1100,Book101,Author101,3,2022-11-21
1101,Book102,Author102,8,2020-09-26
1102,Book103,Author103,1,2022-11-06
1103,Book104,Author104,4,2022-09-19
1104,Book105,Author105,10,2020-01-14
1105,Book106,Author106,9,2021-06-28
1106,Book107,Author107,7,2022-02-13
1107,Book108,Author108,4,2021-10-02
1108,Book109,Author109,3,2022-09-13
1109,Book110,Author110,8,2022-12-27
1110,Book111,Author111,1,2022-04-09
1111,Book112,Author112,8,2022-08-10
1112,Book113,Author113,6,2021-09-26
1113,Book114,Author114,8,2022-03-12
1114,Book115,Author115,6,2020-10-17
1115,Book116,Author116,6,2021-09-16
1116,Book117,Author117,2,2020-09-11
1117,Book118,Author118,2,2022-07-03
1118,Book119,Author119,7,2020-08-10
1119,Book120,Author120,10,2020-01-01
1120,Book121,Author121,10,2021-03-03
1121,Book122,Author122,3,2021-02-12
1122,Book123,Author123,6,2021-11-28
1123,Book124,Author124,6,2020-09-10
1124,Book125,Author125,4,2021-12-26
1125,Book126,Author126,4,2022-08-05
1126,Book127,Author127,5,2020-11-04
1127,Book128,Author128,6,2020-10-22
1128,Book129,Author129,4,2020-09-11
1129,Book130,Author130,1,2020-08-03
1130,Book131,Author131,6,2020-10-04
1131,Book132,Author132,6,2022-05-06
1132,Book133,Author133,7,2022-09-13
1133,Book134,Author134,3,2022-10-25
1134,Book135,Author135,7,2022-08-14
1135,Book136,Author136,2,2020-07-24
1136,Book137,Author137,8,2022-01-11
1137,Book138,Author138,7,2020-03-06
1138,Book139,Author139,7,2022-01-25
1139,Book140,Author140,6,2022-05-24
1140,Book141,Author141,8,2022-11-11
1141,Book142,Author142,5,2021-03-20
1142,Book143,Author143,1,2021-02-20
1143,Book144,Author144,5,2022-08-19
1144,Book145,Author145,3,2021-11-07
1145,Book146,Author146,3,2021-06-06
1146,Book147,Author147,4,2021-04-06
1147,Book148,Author148,5,2021-01-07
1148,Book149,Author149,9,2022-04-25
1149,Book150,Author150,7,2022-07-10
1150,Book151,Author151,1,2022-09-13
1151,Book152,Author152,4,2022-09-26
1152,Book153,Author153,5,2021-10-07
1153,Book154,Author154,2,2022-03-22
1154,Book155,Author155,7,2021-08-13
1155,Book156,Author156,7,2022-04-22
1156,Book157,Author157,8,2021-08-23
1157,Book158,Author158,6,2022-02-10
1158,Book159,Author159,4,2020-10-21
1159,Book160,Author160,4,2022-01-09
1160,Book161,Author161,6,2020-12-19
1161,Book162,Author162,5,2020-06-03
1162,Book163,Author163,4,2021-05-28
1163,Book164,Author164,3,2021-11-23
1164,Book165,Author165,5,2020-06-28
1165,Book166,Author166,4,2021-09-10
1166,Book167,Author167,5,2021-10-04
1167,Book168,Author168,8,2020-07-28
1168,Book169,Author169,5,2021-12-05
1169,Book170,Author170,4,2020-07-06
1170,Book171,Author171,3,2021-06-08
1171,Book172,Author172,10,2021-12-05
1172,Book173,Author173,8,2020-02-05
1173,Book174,Author174,3,2020-04-01
1174,Book175,Author175,6,2021-10-13
1175,Book176,Author176,2,2020-05-19
1176,Book177,Author177,8,2022-06-21
1177,Book178,Author178,5,2021-09-06
1178,Book179,Author179,9,2022-07-03
1179,Book180,Author180,1,2020-10-10
1180,Book181,Author181,2,2022-05-09
1181,Book182,Author182,5,2022-04-27
1182,Book183,Author183,10,2020-02-07
1183,Book184,Author184,8,2021-05-11
1184,Book185,Author185,8,2021-07-23
1185,Book186,Author186,4,2021-02-07
1186,Book187,Author187,2,2021-12-10
1187,Book188,Author188,8,2022-05-14
1188,Book189,Author189,5,2020-06-17
1189,Book190,Author190,10,2022-02-13
1190,Book191,Author191,7,2020-08-13
1191,Book192,Author192,7,2021-10-15
1192,Book193,Author193,10,2021-06-01
1193,Book194,Author194,7,2022-04-23
1194,Book195,Author195,10,2020-09-15
1195,Book196,Author196,1,2020-11-24
1196,Book197,Author197,6,2021-08-07
1197,Book198,Author198,8,2021-03-08
1198,Book199,Author199,1,2021-10-06
1199,Book200,Author200,4,2022-12-19
1200,Book201,Author201,10,2021-06-03
1201,Book202,Author202,6,2020-08-26
1202,Book203,Author203,4,2020-06-20
1203,Book204,Author204,2,2021-07-28
1204,Book205,Author205,7,2021-07-20
1205,Book206,Author206,9,2020-03-12
1206,Book207,Author207,10,2021-12-17
1207,Book208,Author208,1,2021-03-15
1208,Book209,Author209,7,2022-01-20
1209,Book210,Author210,6,2021-01-01
1210,Book211,Author211,3,2020-06-16
1211,Book212,Author212,4,2022-05-02
1212,Book213,Author213,4,2022-12-11
1213,Book214,Author214,5,2021-12-19
1214,Book215,Author215,3,2022-08-21
1215,Book216,Author216,9,2022-01-27
1216,Book217,Author217,5,2022-06-14
1217,Book218,Author218,7,2021-01-11
1218,Book219,Author219,7,2022-02-02
1219,Book220,Author220,5,2021-10-01
1220,Book221,Author221,9,2022-10-05
1221,Book222,Author222,1,2020-01-04
1222,Book223,Author223,6,2022-08-23
1223,Book224,Author224,1,2021-08-27
1224,Book225,Author225,4,2021-01-15
1225,Book226,Author226,1,2022-05-20
1226,Book227,Author227,10,2022-07-16
1227,Book228,Author228,8,2022-02-10
1228,Book229,Author229,3,2020-08-07
1229,Book230,Author230,3,2021-03-03
1230,Book231,Author231,5,2022-09-05
1231,Book232,Author232,1,2020-10-07
1232,Book233,Author233,9,2021-10-22
1233,Book234,Author234,9,2021-04-10
1234,Book235,Author235,1,2021-02-20
1235,Book236,Author236,4,2020-09-22
1236,Book237,Author237,7,2022-04-16
1237,Book238,Author238,2,2022-05-10
1238,Book239,Author239,9,2020-11-01
1239,Book240,Author240,5,2021-05-12
1240,Book241,Author241,10,2021-04-09
1241,Book242,Author242,1,2022-01-22
1242,Book243,Author243,10,2021-09-28
1243,Book244,Author244,3,2021-07-04
1244,Book245,Author245,8,2022-06-13
1245,Book246,Author246,2,2021-06-23
1246,Book247,Author247,4,2020-03-17
1247,Book248,Author248,3,2022-11-06
1248,Book249,Author249,4,2020-06-26
1249,Book250,Author250,6,2021-03-24
1250,Book251,Author251,5,2021-08-15
1251,Book252,Author252,1,2021-03-18
1252,Book253,Author253,3,2021-11-08
1253,Book254,Author254,10,2021-03-25
1254,Book255,Author255,5,2020-07-24
1255,Book256,Author256,3,2022-10-23
1256,Book257,Author257,7,2022-12-24
1257,Book258,Author258,4,2022-01-03
1258,Book259,Author259,10,2020-09-26
1259,Book260,Author260,6,2020-01-24
1260,Book261,Author261,7,2022-03-23
1261,Book262,Author262,8,2021-11-27
1262,Book263,Author263,10,2020-12-03
1263,Book264,Author264,2,2021-05-10
1264,Book265,Author265,5,2020-03-06
1265,Book266,Author266,7,2022-07-17
1266,Book267,Author267,8,2022-07-17
1267,Book268,Author268,9,2020-01-22
1268,Book269,Author269,3,2022-04-28
1269,Book270,Author270,2,2022-02-17
1270,Book271,Author271,9,2021-02-13
1271,Book272,Author272,7,2022-12-23
1272,Book273,Author273,9,2020-04-21
1273,Book274,Author274,9,2021-05-13
1274,Book275,Author275,8,2021-10-20
1275,Book276,Author276,5,2020-05-07
1276,Book277,Author277,7,2022-10-15
1277,Book278,Author278,6,2021-04-21
1278,Book279,Author279,4,2020-04-16
1279,Book280,Author280,1,2022-10-27
1280,Book281,Author281,5,2020-06-14
1281,Book282,Author282,2,2020-03-27
1282,Book283,Author283,3,2022-02-06
1283,Book284,Author284,9,2022-02-03
1284,Book285,Author285,10,2022-06-14
1285,Book286,Author286,6,2022-12-02
1286,Book287,Author287,10,2022-01-08
1287,Book288,Author288,7,2022-06-15
1288,Book289,Author289,2,2020-12-28
1289,Book290,Author290,8,2022-02-04
1290,Book291,Author291,5,2022-12-21
1291,Book292,Author292,5,2020-09-05
1292,Book293,Author293,9,2022-08-06
1293,Book294,Author294,3,2020-08-07
1294,Book295,Author295,2,2021-04-07
1295,Book296,Author296,7,2022-08-16
1296,Book297,Author297,8,2021-05-02
1297,Book298,Author298,8,2020-02-18
1298,Book299,Author299,6,2020-05-06
1299,Book300,Author300,4,2020-04-11
1300,Book301,Author301,4,2022-04-25
1301,Book302,Author302,1,2021-04-10
1302,Book303,Author303,8,2022-07-01
1303,Book304,Author304,8,2020-12-19
1304,Book305,Author305,10,2021-08-26
1305,Book306,Author306,2,2021-07-05
1306,Book307,Author307,8,2020-06-22
1307,Book308,Author308,9,2022-05-18
1308,Book309,Author309,1,2021-02-19
1309,Book310,Author310,2,2020-11-15
1310,Book311,Author311,8,2021-11-01
1311,Book312,Author312,1,2022-08-20
1312,Book313,Author313,9,2021-09-19
1313,Book314,Author314,9,2022-06-14
1314,Book315,Author315,2,2020-11-14
1315,Book316,Author316,2,2020-02-20
1316,Book317,Author317,2,2020-10-25
1317,Book318,Author318,4,2022-06-11
1318,Book319,Author319,9,2020-11-22
1319,Book320,Author320,7,2020-11-18
1320,Book321,Author321,9,2022-09-22
1321,Book322,Author322,10,2021-10-11
1322,Book323,Author323,1,2022-06-13
1323,Book324,Author324,7,2021-05-28
1324,Book325,Author325,6,2020-01-19
1325,Book326,Author326,9,2021-10-19
1326,Book327,Author327,8,2021-12-13
1327,Book328,Author328,9,2022-04-06
1328,Book329,Author329,7,2021-07-10
1329,Book330,Author330,6,2022-02-07
1330,Book331,Author331,5,2022-06-09
1331,Book332,Author332,8,2021-04-10
1332,Book333,Author333,3,2022-08-13
1333,Book334,Author334,10,2022-11-24
1334,Book335,Author335,1,2022-09-05
1335,Book336,Author336,4,2021-06-18
1336,Book337,Author337,7,2022-02-26
1337,Book338,Author338,8,2020-06-25
1338,Book339,Author339,5,2020-08-10
1339,Book340,Author340,3,2020-10-01
1340,Book341,Author341,10,2022-02-08
1341,Book342,Author342,4,2021-08-11
1342,Book343,Author343,4,2020-11-21
1343,Book344,Author344,3,2020-06-14
1344,Book345,Author345,7,2022-12-06
1345,Book346,Author346,3,2020-07-28
1346,Book347,Author347,5,2021-02-28
1347,Book348,Author348,2,2020-02-07
1348,Book349,Author349,9,2021-09-02
1349,Book350,Author350,9,2021-12-08
1350,Book351,Author351,6,2022-08-25
1351,Book352,Author352,8,2022-08-02
1352,Book353,Author353,9,2020-02-24
1353,Book354,Author354,7,2022-01-21
1354,Book355,Author355,4,2021-01-25
1355,Book356,Author356,3,2022-12-28
1356,Book357,Author357,7,2021-08-20
1357,Book358,Author358,8,2020-01-04
1358,Book359,Author359,2,2021-05-24
1359,Book360,Author360,1,2020-10-20
1360,Book361,Author361,3,2022-12-25
1361,Book362,Author362,3,2022-01-23
1362,Book363,Author363,9,2020-05-03
1363,Book364,Author364,3,2022-06-18
1364,Book365,Author365,2,2021-09-20
1365,Book366,Author366,6,2020-10-16
1366,Book367,Author367,4,2021-06-24
1367,Book368,Author368,7,2022-02-11
1368,Book369,Author369,5,2020-03-25
1369,Book370,Author370,4,2022-11-23
1370,Book371,Author371,9,2022-01-01
1371,Book372,Author372,6,2022-08-06
1372,Book373,Author373,2,2020-05-20
1373,Book374,Author374,6,2020-08-17
1374,Book375,Author375,8,2020-07-14
1375,Book376,Author376,8,2021-02-07
1376,Book377,Author377,10,2021-03-20
1377,Book378,Author378,5,2021-05-03
1378,Book379,Author379,5,2021-08-02
1379,Book380,Author380,4,2021-09-04
1380,Book381,Author381,9,2021-12-23
1381,Book382,Author382,3,2022-08-01
1382,Book383,Author383,4,2022-10-16
1383,Book384,Author384,7,2021-06-01
1384,Book385,Author385,7,2021-02-02
1385,Book386,Author386,7,2020-08-15
1386,Book387,Author387,3,2022-11-28
1387,Book388,Author388,5,2022-01-26
1388,Book389,Author389,1,2022-04-12
1389,Book390,Author390,9,2020-01-18
1390,Book391,Author391,4,2022-05-25
1391,Book392,Author392,3,2020-08-15
1392,Book393,Author393,7,2020-07-11
1393,Book394,Author394,5,2022-03-12
1394,Book395,Author395,7,2021-11-23
1395,Book396,Author396,5,2021-03-19
1396,Book397,Author397,4,2020-10-19
1397,Book398,Author398,9,2022-11-12
1398,Book399,Author399,9,2022-06-06
1399,Book400,Author400,8,2021-03-06
1400,Book401,Author401,3,2021-03-19
1401,Book402,Author402,8,2022-11-10
1402,Book403,Author403,1,2022-12-08
1403,Book404,Author404,7,2021-10-01
1404,Book405,Author405,3,2021-02-22
1405,Book406,Author406,2,2021-04-08
1406,Book407,Author407,9,2022-04-24
1407,Book408,Author408,8,2020-12-18
1408,Book409,Author409,10,2021-10-07
1409,Book410,Author410,5,2021-02-15
1410,Book411,Author411,3,2021-08-21
1411,Book412,Author412,1,2022-09-02
1412,Book413,Author413,8,2022-08-15
1413,Book414,Author414,4,2022-02-02
1414,Book415,Author415,2,2022-07-27
1415,Book416,Author416,4,2020-05-03
1416,Book417,Author417,6,2020-06-04
1417,Book418,Author418,8,2020-10-19
1418,Book419,Author419,4,2021-11-10
1419,Book420,Author420,8,2021-11-27
1420,Book421,Author421,9,2021-05-15
1421,Book422,Author422,9,2022-12-24
1422,Book423,Author423,2,2021-02-18
1423,Book424,Author424,10,2020-07-07
1424,Book425,Author425,1,2022-02-06
1425,Book426,Author426,4,2021-10-23
1426,Book427,Author427,5,2022-11-14
1427,Book428,Author428,3,2022-10-15
1428,Book429,Author429,4,2022-01-19
1429,Book430,Author430,7,2022-02-04
1430,Book431,Author431,8,2020-09-03
1431,Book432,Author432,10,2021-12-17
1432,Book433,Author433,7,2020-07-22
1433,Book434,Author434,5,2020-03-08
1434,Book435,Author435,4,2020-02-11
1435,Book436,Author436,6,2022-05-08
1436,Book437,Author437,2,2022-03-25
1437,Book438,Author438,9,2021-08-10
1438,Book439,Author439,5,2021-10-14
1439,Book440,Author440,10,2020-06-15
1440,Book441,Author441,10,2020-12-09
1441,Book442,Author442,7,2021-12-13
1442,Book443,Author443,3,2020-03-14
1443,Book444,Author444,10,2021-01-12
1444,Book445,Author445,7,2020-01-06
1445,Book446,Author446,9,2021-03-13
1446,Book447,Author447,10,2022-12-20
1447,Book448,Author448,6,2021-07-19
1448,Book449,Author449,8,2020-06-08
1449,Book450,Author450,10,2021-05-22
1450,Book451,Author451,2,2020-04-17
1451,Book452,Author452,9,2022-11-10
1452,Book453,Author453,2,2020-07-05
1453,Book454,Author454,7,2022-10-14
1454,Book455,Author455,8,2021-12-22
1455,Book456,Author456,10,2021-11-18
1456,Book457,Author457,10,2020-12-21
1457,Book458,Author458,10,2021-06-17
1458,Book459,Author459,9,2022-12-28
1459,Book460,Author460,7,2022-11-21
1460,Book461,Author461,9,2021-04-16
1461,Book462,Author462,6,2022-08-17
1462,Book463,Author463,4,2022-05-26
1463,Book464,Author464,9,2020-07-04
1464,Book465,Author465,6,2022-10-23
1465,Book466,Author466,6,2021-03-12
1466,Book467,Author467,1,2021-09-04
1467,Book468,Author468,8,2020-02-25
1468,Book469,Author469,7,2022-05-04
1469,Book470,Author470,5,2020-03-12
1470,Book471,Author471,7,2022-01-26
1471,Book472,Author472,3,2021-06-07
1472,Book473,Author473,5,2021-09-15
1473,Book474,Author474,9,2020-01-14
1474,Book475,Author475,9,2022-11-05
1475,Book476,Author476,9,2022-10-12
1476,Book477,Author477,10,2020-04-08
1477,Book478,Author478,9,2021-11-16
1478,Book479,Author479,8,2022-12-24
1479,Book480,Author480,1,2022-01-10
1480,Book481,Author481,4,2021-06-01
1481,Book482,Author482,2,2020-05-14
1482,Book483,Author483,1,2020-02-15
1483,Book484,Author484,7,2022-06-10
1484,Book485,Author485,9,2020-06-07
1485,Book486,Author486,5,2020-02-19
1486,Book487,Author487,5,2021-11-15
1487,Book488,Author488,8,2020-07-24
1488,Book489,Author489,9,2022-11-07
1489,Book490,Author490,4,2022-03-21
1490,Book491,Author491,5,2021-02-21
1491,Book492,Author492,2,2020-05-19
1492,Book493,Author493,7,2021-10-22
1493,Book494,Author494,5,2021-01-25
1494,Book495,Author495,6,2022-04-05
1495,Book496,Author496,7,2020-03-08
1496,Book497,Author497,8,2022-08-27
1497,Book498,Author498,5,2020-08-27
1498,Book499,Author499,4,2021-01-15
1499,Book500,Author500,4,2021-09-12
1500,Book501,Author501,8,2022-10-24
1501,Book502,Author502,4,2020-12-23
1502,Book503,Author503,8,2022-08-09
1503,Book504,Author504,8,2021-06-25
1504,Book505,Author505,9,2022-08-27
1505,Book506,Author506,8,2022-07-14
1506,Book507,Author507,2,2020-01-17
1507,Book508,Author508,6,2020-04-10
1508,Book509,Author509,9,2020-11-10
1509,Book510,Author510,4,2020-02-07
1510,Book511,Author511,10,2020-04-25
1511,Book512,Author512,8,2021-12-16
1512,Book513,Author513,2,2022-10-25
1513,Book514,Author514,4,2021-10-27
1514,Book515,Author515,10,2020-08-26
1515,Book516,Author516,2,2022-12-18
1516,Book517,Author517,5,2022-05-01
1517,Book518,Author518,1,2021-09-24
1518,Book519,Author519,2,2022-01-23
1519,Book520,Author520,7,2021-06-18
1520,Book521,Author521,1,2020-05-07
1521,Book522,Author522,3,2021-03-07
1522,Book523,Author523,6,2021-04-23
1523,Book524,Author524,7,2021-06-26
1524,Book525,Author525,2,2022-03-06
1525,Book526,Author526,7,2021-07-08
1526,Book527,Author527,3,2021-12-02
1527,Book528,Author528,5,2021-05-07
1528,Book529,Author529,3,2022-07-26
1529,Book530,Author530,5,2021-04-01
1530,Book531,Author531,9,2020-03-09
1531,Book532,Author532,7,2021-06-19
1532,Book533,Author533,8,2021-07-23
1533,Book534,Author534,8,2022-02-11
1534,Book535,Author535,4,2021-11-21
1535,Book536,Author536,4,2021-10-05
1536,Book537,Author537,7,2020-12-24
1537,Book538,Author538,10,2020-11-05
1538,Book539,Author539,8,2021-10-14
1539,Book540,Author540,1,2020-12-11
1540,Book541,Author541,3,2020-02-09
1541,Book542,Author542,5,2022-01-14
1542,Book543,Author543,10,2022-05-13
1543,Book544,Author544,10,2022-03-12
1544,Book545,Author545,10,2022-02-08
1545,Book546,Author546,2,2020-04-25
1546,Book547,Author547,6,2022-07-18
1547,Book548,Author548,5,2021-05-06
1548,Book549,Author549,8,2021-09-07
1549,Book550,Author550,4,2021-04-16
1550,Book551,Author551,5,2022-08-16
1551,Book552,Author552,4,2022-03-25
1552,Book553,Author553,7,2022-06-08
1553,Book554,Author554,3,2020-12-09
1554,Book555,Author555,3,2021-01-16
1555,Book556,Author556,7,2021-12-26
1556,Book557,Author557,4,2020-08-14
1557,Book558,Author558,5,2021-06-21
1558,Book559,Author559,7,2020-12-13
1559,Book560,Author560,6,2020-05-08
1560,Book561,Author561,7,2022-11-11
1561,Book562,Author562,2,2020-09-27
1562,Book563,Author563,3,2021-09-20
1563,Book564,Author564,5,2020-06-19
1564,Book565,Author565,7,2022-03-22
1565,Book566,Author566,7,2022-09-10
1566,Book567,Author567,5,2021-08-19
1567,Book568,Author568,2,2021-04-19
1568,Book569,Author569,1,2021-01-19
1569,Book570,Author570,6,2021-08-12
1570,Book571,Author571,9,2020-08-08
1571,Book572,Author572,1,2021-02-19
1572,Book573,Author573,3,2022-10-01
1573,Book574,Author574,5,2020-11-22
1574,Book575,Author575,8,2020-08-07
1575,Book576,Author576,9,2022-11-06
1576,Book577,Author577,8,2021-05-13
1577,Book578,Author578,4,2021-11-02
1578,Book579,Author579,2,2020-12-26
1579,Book580,Author580,8,2022-05-13
1580,Book581,Author581,6,2022-06-25
1581,Book582,Author582,1,2020-12-23
1582,Book583,Author583,6,2022-08-08
1583,Book584,Author584,4,2022-06-23
1584,Book585,Author585,10,2021-04-12
1585,Book586,Author586,9,2022-01-16
1586,Book587,Author587,6,2020-12-26
1587,Book588,Author588,6,2021-07-22
1588,Book589,Author589,3,2020-08-24
1589,Book590,Author590,2,2022-01-01
1590,Book591,Author591,1,2021-09-03
1591,Book592,Author592,10,2022-11-13
1592,Book593,Author593,7,2021-02-23
1593,Book594,Author594,6,2022-07-10
1594,Book595,Author595,9,2021-04-04
1595,Book596,Author596,3,2021-11-04
1596,Book597,Author597,5,2022-09-26
1597,Book598,Author598,2,2022-01-05
1598,Book599,Author599,4,2021-09-22
1599,Book600,Author600,7,2021-03-21
1600,Book601,Author601,4,2020-10-06
1601,Book602,Author602,2,2020-07-10
1602,Book603,Author603,9,2021-02-22
1603,Book604,Author604,1,2022-02-19
1604,Book605,Author605,7,2021-02-21
1605,Book606,Author606,6,2020-09-12
1606,Book607,Author607,5,2021-12-26
1607,Book608,Author608,7,2022-05-18
1608,Book609,Author609,2,2022-03-06
1609,Book610,Author610,2,2022-05-24
1610,Book611,Author611,10,2020-10-11
1611,Book612,Author612,1,2022-03-09
1612,Book613,Author613,9,2022-01-13
1613,Book614,Author614,9,2022-01-14
1614,Book615,Author615,5,2021-05-21
1615,Book616,Author616,4,2021-02-11
1616,Book617,Author617,8,2022-06-19
1617,Book618,Author618,5,2020-04-14
1618,Book619,Author619,3,2020-09-11
1619,Book620,Author620,6,2022-11-23
1620,Book621,Author621,5,2021-02-24
1621,Book622,Author622,4,2020-10-17
1622,Book623,Author623,9,2020-10-04
1623,Book624,Author624,1,2022-09-14
1624,Book625,Author625,10,2022-06-09
1625,Book626,Author626,1,2020-04-12
1626,Book627,Author627,8,2020-09-19
1627,Book628,Author628,5,2020-07-14
1628,Book629,Author629,1,2022-01-12
1629,Book630,Author630,1,2020-10-08
1630,Book631,Author631,1,2021-02-07
1631,Book632,Author632,8,2021-03-26
1632,Book633,Author633,3,2020-08-01
1633,Book634,Author634,8,2021-02-09
1634,Book635,Author635,3,2022-06-26
1635,Book636,Author636,3,2020-06-17
1636,Book637,Author637,7,2020-05-12
1637,Book638,Author638,7,2021-07-07
1638,Book639,Author639,1,2021-03-12
1639,Book640,Author640,2,2021-08-27
1640,Book641,Author641,6,2020-11-17
1641,Book642,Author642,8,2020-11-26
1642,Book643,Author643,2,2022-10-14
1643,Book644,Author644,7,2020-04-16
1644,Book645,Author645,9,2022-03-11
1645,Book646,Author646,3,2020-01-22
1646,Book647,Author647,10,2021-08-22
1647,Book648,Author648,7,2020-10-03
1648,Book649,Author649,2,2022-02-15
1649,Book650,Author650,10,2021-10-20
1650,Book651,Author651,7,2022-11-02
1651,Book652,Author652,9,2022-08-15
1652,Book653,Author653,6,2021-11-17
1653,Book654,Author654,10,2021-10-28
1654,Book655,Author655,7,2020-01-24
1655,Book656,Author656,2,2022-04-16
1656,Book657,Author657,10,2020-02-08
1657,Book658,Author658,1,2022-08-03
1658,Book659,Author659,8,2022-06-11
1659,Book660,Author660,4,2021-11-26
1660,Book661,Author661,9,2020-12-05
1661,Book662,Author662,8,2022-11-04
1662,Book663,Author663,10,2021-08-03
1663,Book664,Author664,6,2021-10-23
1664,Book665,Author665,9,2021-01-11
1665,Book666,Author666,6,2021-07-20
1666,Book667,Author667,1,2020-04-04
1667,Book668,Author668,3,2021-09-25
1668,Book669,Author669,5,2022-10-25
1669,Book670,Author670,2,2021-12-19
1670,Book671,Author671,1,2020-09-06
1671,Book672,Author672,6,2022-12-14
1672,Book673,Author673,2,2021-01-26
1673,Book674,Author674,8,2022-05-26
1674,Book675,Author675,10,2020-12-22
1675,Book676,Author676,3,2020-04-14
1676,Book677,Author677,2,2020-03-20
1677,Book678,Author678,10,2022-10-11
1678,Book679,Author679,10,2022-02-26
1679,Book680,Author680,9,2021-12-07
1680,Book681,Author681,3,2020-12-08
1681,Book682,Author682,2,2022-04-25
1682,Book683,Author683,9,2020-08-12
1683,Book684,Author684,2,2020-01-25
1684,Book685,Author685,8,2022-12-26
1685,Book686,Author686,8,2022-04-02
1686,Book687,Author687,5,2022-12-03
1687,Book688,Author688,2,2020-12-13
1688,Book689,Author689,9,2020-03-23
1689,Book690,Author690,6,2020-06-01
1690,Book691,Author691,3,2022-05-25
1691,Book692,Author692,7,2020-12-02
1692,Book693,Author693,1,2020-10-17
1693,Book694,Author694,2,2021-03-07
1694,Book695,Author695,9,2022-08-16
1695,Book696,Author696,10,2021-03-23
1696,Book697,Author697,5,2021-12-03
1697,Book698,Author698,10,2021-08-13
1698,Book699,Author699,9,2021-03-17
1699,Book700,Author700,4,2021-09-16
1700,Book701,Author701,1,2020-03-25
1701,Book702,Author702,7,2021-11-12
1702,Book703,Author703,6,2020-08-26
1703,Book704,Author704,1,2022-03-17
1704,Book705,Author705,3,2022-01-17
1705,Book706,Author706,5,2021-08-27
1706,Book707,Author707,7,2022-05-15
1707,Book708,Author708,8,2020-07-15
1708,Book709,Author709,3,2021-03-26
1709,Book710,Author710,10,2021-07-17
1710,Book711,Author711,8,2020-09-03
1711,Book712,Author712,8,2020-01-09
1712,Book713,Author713,3,2021-06-01
1713,Book714,Author714,2,2020-12-13
1714,Book715,Author715,8,2020-09-16
1715,Book716,Author716,2,2020-02-16
1716,Book717,Author717,1,2021-07-27
1717,Book718,Author718,3,2022-08-06
1718,Book719,Author719,8,2021-07-23
1719,Book720,Author720,3,2020-11-24
1720,Book721,Author721,2,2021-09-16
1721,Book722,Author722,10,2020-03-21
1722,Book723,Author723,6,2021-01-13
1723,Book724,Author724,10,2022-07-15
1724,Book725,Author725,10,2020-11-28
1725,Book726,Author726,7,2020-07-20
1726,Book727,Author727,8,2020-03-08
1727,Book728,Author728,6,2022-07-12
1728,Book729,Author729,9,2021-01-27
1729,Book730,Author730,7,2022-06-09
1730,Book731,Author731,1,2020-09-13
1731,Book732,Author732,9,2020-04-23
1732,Book733,Author733,2,2022-10-13
1733,Book734,Author734,3,2020-06-28
1734,Book735,Author735,7,2021-11-23
1735,Book736,Author736,3,2020-03-06
1736,Book737,Author737,1,2021-10-06
1737,Book738,Author738,6,2021-10-02
1738,Book739,Author739,3,2021-03-10
1739,Book740,Author740,7,2020-07-15
1740,Book741,Author741,6,2021-08-05
1741,Book742,Author742,9,2020-07-19
1742,Book743,Author743,6,2021-07-23
1743,Book744,Author744,9,2022-02-13
1744,Book745,Author745,6,2021-03-07
1745,Book746,Author746,9,2022-07-23
1746,Book747,Author747,4,2020-01-23
1747,Book748,Author748,9,2021-08-25
1748,Book749,Author749,1,2022-09-07
1749,Book750,Author750,1,2020-06-13
1750,Book751,Author751,1,2022-07-15
1751,Book752,Author752,4,2020-06-19
1752,Book753,Author753,4,2020-01-05
1753,Book754,Author754,9,2022-12-12
1754,Book755,Author755,2,2020-11-23
1755,Book756,Author756,6,2022-12-14
1756,Book757,Author757,8,2020-05-08
1757,Book758,Author758,7,2021-08-10
1758,Book759,Author759,10,2020-12-16
1759,Book760,Author760,3,2020-09-14
1760,Book761,Author761,4,2022-01-19
1761,Book762,Author762,6,2021-03-14
1762,Book763,Author763,7,2021-07-09
1763,Book764,Author764,5,2021-03-28
1764,Book765,Author765,6,2021-10-05
1765,Book766,Author766,7,2021-06-20
1766,Book767,Author767,5,2020-05-21
1767,Book768,Author768,2,2020-12-25
1768,Book769,Author769,1,2020-04-18
1769,Book770,Author770,1,2022-01-08
1770,Book771,Author771,10,2021-07-03
1771,Book772,Author772,5,2020-07-12
1772,Book773,Author773,4,2021-01-28
1773,Book774,Author774,10,2022-01-06
1774,Book775,Author775,4,2021-01-18
1775,Book776,Author776,5,2021-03-11
1776,Book777,Author777,3,2022-11-25
1777,Book778,Author778,2,2022-03-02
1778,Book779,Author779,1,2022-07-03
1779,Book780,Author780,5,2022-09-25
1780,Book781,Author781,1,2022-08-06
1781,Book782,Author782,10,2021-03-15
1782,Book783,Author783,1,2020-11-27
1783,Book784,Author784,6,2021-01-23
1784,Book785,Author785,8,2022-01-19
1785,Book786,Author786,1,2020-02-27
1786,Book787,Author787,7,2020-01-05
1787,Book788,Author788,2,2021-02-26
1788,Book789,Author789,10,2022-08-05
1789,Book790,Author790,4,2020-06-23
1790,Book791,Author791,3,2021-06-22
1791,Book792,Author792,3,2020-10-21
1792,Book793,Author793,4,2022-03-22
1793,Book794,Author794,7,2020-01-17
1794,Book795,Author795,10,2021-12-02
1795,Book796,Author796,7,2020-06-18
1796,Book797,Author797,1,2022-02-20
1797,Book798,Author798,1,2020-11-23
1798,Book799,Author799,10,2021-08-08
1799,Book800,Author800,7,2021-02-16
1800,Book801,Author801,4,2021-01-24
1801,Book802,Author802,4,2022-08-17
1802,Book803,Author803,1,2022-07-21
1803,Book804,Author804,10,2022-08-03
1804,Book805,Author805,2,2021-11-12
1805,Book806,Author806,5,2021-01-20
1806,Book807,Author807,3,2021-07-16
1807,Book808,Author808,1,2021-02-15
1808,Book809,Author809,8,2022-03-13
1809,Book810,Author810,7,2020-05-14
1810,Book811,Author811,5,2021-03-10
1811,Book812,Author812,1,2020-02-22
1812,Book813,Author813,4,2022-06-13
1813,Book814,Author814,7,2022-03-22
1814,Book815,Author815,1,2020-10-12
1815,Book816,Author816,10,2021-06-08
1816,Book817,Author817,7,2020-04-08
1817,Book818,Author818,9,2021-03-14
1818,Book819,Author819,2,2020-12-19
1819,Book820,Author820,9,2022-06-23
1820,Book821,Author821,10,2020-08-22
1821,Book822,Author822,5,2020-06-06
1822,Book823,Author823,4,2020-01-21
1823,Book824,Author824,1,2021-02-03
1824,Book825,Author825,4,2021-11-06
1825,Book826,Author826,2,2021-11-01
1826,Book827,Author827,9,2020-11-18
1827,Book828,Author828,1,2022-01-12
1828,Book829,Author829,5,2020-09-28
1829,Book830,Author830,7,2021-04-17
1830,Book831,Author831,7,2020-01-18
1831,Book832,Author832,9,2021-07-20
1832,Book833,Author833,8,2021-06-15
1833,Book834,Author834,3,2020-09-08
1834,Book835,Author835,3,2022-12-09
1835,Book836,Author836,1,2022-08-22
1836,Book837,Author837,7,2021-10-26
1837,Book838,Author838,2,2022-08-21
1838,Book839,Author839,7,2020-03-05
1839,Book840,Author840,3,2021-06-24
1840,Book841,Author841,3,2020-04-07
1841,Book842,Author842,2,2021-10-21
1842,Book843,Author843,4,2021-02-07
1843,Book844,Author844,1,2020-01-24
1844,Book845,Author845,5,2021-11-03
1845,Book846,Author846,7,2022-12-26
1846,Book847,Author847,5,2022-10-22
1847,Book848,Author848,10,2020-10-08
1848,Book849,Author849,10,2021-11-11
1849,Book850,Author850,5,2021-04-01
1850,Book851,Author851,7,2021-06-03
1851,Book852,Author852,5,2021-04-07
1852,Book853,Author853,3,2021-06-04
1853,Book854,Author854,4,2021-07-04
1854,Book855,Author855,6,2022-01-07
1855,Book856,Author856,8,2021-04-17
1856,Book857,Author857,8,2021-08-12
1857,Book858,Author858,10,2021-07-12
1858,Book859,Author859,8,2022-03-08
1859,Book860,Author860,6,2020-08-09
1860,Book861,Author861,7,2021-03-19
1861,Book862,Author862,9,2021-03-27
1862,Book863,Author863,2,2020-12-08
1863,Book864,Author864,8,2021-10-23
1864,Book865,Author865,6,2022-06-08
1865,Book866,Author866,8,2020-09-16
1866,Book867,Author867,2,2020-11-14
1867,Book868,Author868,1,2020-09-21
1868,Book869,Author869,9,2020-12-25
1869,Book870,Author870,8,2022-07-17
1870,Book871,Author871,1,2022-05-13
1871,Book872,Author872,1,2020-04-21
1872,Book873,Author873,10,2020-05-04
1873,Book874,Author874,9,2021-10-24
1874,Book875,Author875,4,2021-06-11
1875,Book876,Author876,1,2020-07-20
1876,Book877,Author877,2,2022-06-16
1877,Book878,Author878,5,2021-10-27
1878,Book879,Author879,3,2021-10-24
1879,Book880,Author880,7,2022-07-06
1880,Book881,Author881,7,2021-08-17
1881,Book882,Author882,4,2022-03-19
1882,Book883,Author883,1,2021-07-11
1883,Book884,Author884,10,2022-10-01
1884,Book885,Author885,5,2022-10-17
1885,Book886,Author886,7,2022-11-25
1886,Book887,Author887,8,2021-08-22
1887,Book888,Author888,3,2020-07-13
1888,Book889,Author889,2,2021-12-22
1889,Book890,Author890,1,2020-07-08
1890,Book891,Author891,10,2020-11-22
1891,Book892,Author892,4,2022-10-04
1892,Book893,Author893,7,2021-09-26
1893,Book894,Author894,2,2020-11-21
1894,Book895,Author895,6,2021-11-02
1895,Book896,Author896,4,2020-01-04
1896,Book897,Author897,7,2021-09-18
1897,Book898,Author898,7,2022-09-04
1898,Book899,Author899,6,2020-05-03
1899,Book900,Author900,3,2021-10-24
1900,Book901,Author901,5,2020-12-23
1901,Book902,Author902,5,2022-02-04
1902,Book903,Author903,1,2020-06-03
1903,Book904,Author904,9,2020-08-18
1904,Book905,Author905,8,2021-01-04
1905,Book906,Author906,1,2020-02-28
1906,Book907,Author907,1,2021-04-14
1907,Book908,Author908,3,2020-10-06
1908,Book909,Author909,3,2022-08-16
1909,Book910,Author910,3,2020-04-22
1910,Book911,Author911,7,2020-04-03
1911,Book912,Author912,2,2022-02-12
1912,Book913,Author913,9,2022-04-15
1913,Book914,Author914,2,2021-08-21
1914,Book915,Author915,2,2022-12-26
1915,Book916,Author916,8,2021-05-04
1916,Book917,Author917,3,2020-09-11
1917,Book918,Author918,6,2021-07-07
1918,Book919,Author919,10,2022-08-12
1919,Book920,Author920,4,2022-01-27
1920,Book921,Author921,4,2020-08-11
1921,Book922,Author922,4,2021-06-07
1922,Book923,Author923,3,2020-09-18
1923,Book924,Author924,3,2020-05-28
1924,Book925,Author925,3,2021-06-01
1925,Book926,Author926,5,2022-08-18
1926,Book927,Author927,3,2021-12-16
1927,Book928,Author928,2,2020-10-18
1928,Book929,Author929,1,2020-12-01
1929,Book930,Author930,8,2022-02-02
1930,Book931,Author931,3,2020-09-17
1931,Book932,Author932,2,2022-10-18
1932,Book933,Author933,7,2021-12-08
1933,Book934,Author934,3,2021-09-01
1934,Book935,Author935,6,2020-02-26
1935,Book936,Author936,5,2020-12-02
1936,Book937,Author937,3,2020-10-16
1937,Book938,Author938,6,2022-06-17
1938,Book939,Author939,9,2022-09-13
1939,Book940,Author940,3,2020-06-08
1940,Book941,Author941,2,2022-06-27
1941,Book942,Author942,1,2022-10-15
1942,Book943,Author943,9,2021-10-23
1943,Book944,Author944,3,2022-03-24
1944,Book945,Author945,1,2020-11-23
1945,Book946,Author946,7,2021-11-26
1946,Book947,Author947,9,2022-06-04
1947,Book948,Author948,5,2022-03-11
1948,Book949,Author949,2,2022-01-17
1949,Book950,Author950,5,2020-09-09
1950,Book951,Author951,5,2021-02-17
1951,Book952,Author952,2,2022-03-07
1952,Book953,Author953,4,2021-08-13
1953,Book954,Author954,4,2020-03-10
1954,Book955,Author955,3,2021-02-17
1955,Book956,Author956,3,2021-03-26
1956,Book957,Author957,3,2020-11-04
1957,Book958,Author958,1,2020-06-21
1958,Book959,Author959,8,2020-03-16
1959,Book960,Author960,9,2021-08-28
1960,Book961,Author961,7,2020-09-26
1961,Book962,Author962,3,2022-08-14
1962,Book963,Author963,9,2022-11-22
1963,Book964,Author964,8,2020-05-10
1964,Book965,Author965,5,2022-04-09
1965,Book966,Author966,6,2020-12-11
1966,Book967,Author967,5,2022-06-15
1967,Book968,Author968,9,2020-03-18
1968,Book969,Author969,9,2020-07-18
1969,Book970,Author970,7,2020-07-03
1970,Book971,Author971,4,2022-06-23
1971,Book972,Author972,3,2021-06-05
1972,Book973,Author973,7,2022-09-07
1973,Book974,Author974,3,2022-12-16
1974,Book975,Author975,2,2022-06-12
1975,Book976,Author976,2,2022-06-12
1976,Book977,Author977,5,2021-03-06
1977,Book978,Author978,5,2022-05-02
1978,Book979,Author979,5,2022-11-11
1979,Book980,Author980,2,2022-10-02
1980,Book981,Author981,8,2020-12-17
1981,Book982,Author982,5,2021-09-02
1982,Book983,Author983,1,2022-11-22
1983,Book984,Author984,10,2020-04-17
1984,Book985,Author985,7,2022-06-20
1985,Book986,Author986,1,2020-12-19
1986,Book987,Author987,7,2020-04-01
1987,Book988,Author988,10,2021-01-13
1988,Book989,Author989,3,2022-02-13
1989,Book990,Author990,1,2022-06-26
1990,Book991,Author991,8,2022-04-08
1991,Book992,Author992,3,2021-05-18
1992,Book993,Author993,1,2021-10-24
1993,Book994,Author994,8,2021-10-19
1994,Book995,Author995,6,2020-06-12
1995,Book996,Author996,10,2022-10-02
1996,Book997,Author997,8,2020-09-07
1997,Book998,Author998,3,2021-06-04
1998,Book999,Author999,1,2020-08-22
1999,Book1000,Author1000,2,2022-11-06
